timestamp,adjclose,close,high,volume,open,low
2020-12-04 00:00:00,4.485511779785156,4.485511779785156,8.270814895629883,3485132,6.335200786590576,4.422853946685791
2020-12-05 00:00:00,3.6436989307403564,3.6436989307403564,4.483954906463623,2418562,4.483954906463623,2.77108097076416
2020-12-06 00:00:00,9.19566535949707,9.19566535949707,9.258212089538574,9940259,3.644278049468994,3.528162956237793
2020-12-07 00:00:00,6.317368984222412,6.317368984222412,9.303016662597656,3261255,9.203286170959473,6.1446027755737305
2020-12-08 00:00:00,6.545083045959473,6.545083045959473,7.108138084411621,2627670,6.313553810119629,5.919826030731201
2020-12-09 00:00:00,7.319225788116455,7.319225788116455,7.449792861938477,1723343,6.5481791496276855,5.805923938751221
2020-12-10 00:00:00,7.952661037445068,7.952661037445068,8.262877464294434,1871755,7.317093849182129,7.234000205993652
2020-12-11 00:00:00,8.437811851501465,8.437811851501465,8.566815376281738,2290908,7.949962139129639,6.774038791656494
2020-12-12 00:00:00,8.246153831481934,8.246153831481934,9.545587539672852,2486049,8.438021659851074,8.187995910644531
2020-12-13 00:00:00,9.48902702331543,9.48902702331543,9.649460792541504,2691974,8.244080543518066,8.182417869567871
2020-12-14 00:00:00,12.097522735595703,12.097522735595703,12.099045753479004,3517876,9.49267578125,9.304080963134766
2020-12-15 00:00:00,12.390253067016602,12.390253067016602,12.451987266540527,3324609,12.094705581665039,10.82234001159668
2020-12-16 00:00:00,11.618736267089844,11.618736267089844,12.994050979614258,3807816,12.383490562438965,10.699117660522461
2020-12-17 00:00:00,10.038552284240723,10.038552284240723,11.827367782592773,2397824,11.624810218811035,9.952496528625488
2020-12-18 00:00:00,9.244024276733398,9.244024276733398,10.030360221862793,4995537,10.027667045593262,7.275145053863525
2020-12-19 00:00:00,6.847757816314697,6.847757816314697,9.366870880126953,2500694,9.249471664428711,6.610057830810547
2020-12-20 00:00:00,6.21095609664917,6.21095609664917,7.564458847045898,2118200,6.847011089324951,6.031288146972656
2020-12-21 00:00:00,6.531030178070068,6.531030178070068,6.976494789123535,1224482,6.209540843963623,6.171751976013184
2020-12-22 00:00:00,7.00827693939209,7.00827693939209,7.013862133026123,1718815,6.530404090881348,6.315558910369873
2020-12-23 00:00:00,6.844200134277344,6.844200134277344,7.702376842498779,1384644,7.018102169036865,6.73863410949707
2020-12-24 00:00:00,6.390017032623291,6.390017032623291,6.8394269943237305,1182713,6.836891174316406,6.13936710357666
2020-12-25 00:00:00,6.207295894622803,6.207295894622803,6.568901062011719,1079015,6.391392230987549,6.126622200012207
2020-12-26 00:00:00,5.409347057342529,5.409347057342529,6.230810165405273,1632953,6.20651388168335,5.0358967781066895
2020-12-27 00:00:00,5.574679851531982,5.574679851531982,6.042591094970703,1502737,5.405269145965576,5.405269145965576
2020-12-28 00:00:00,5.416215896606445,5.416215896606445,5.826474189758301,1150859,5.573694229125977,5.1461968421936035
2020-12-29 00:00:00,5.647809028625488,5.647809028625488,5.717473983764648,1536343,5.413613796234131,5.130043029785156
2020-12-30 00:00:00,6.566780090332031,6.566780090332031,7.0171709060668945,2254806,5.647698879241943,5.647698879241943
2020-12-31 00:00:00,7.197359085083008,7.197359085083008,7.696056842803955,2454618,6.571360111236572,6.5539960861206055
2021-01-01 00:00:00,6.419898986816406,6.419898986816406,7.296630859375,1051757,7.1941728591918945,6.293832778930664
2021-01-02 00:00:00,6.82551908493042,6.82551908493042,7.186906814575195,1666197,6.420042991638184,5.935488224029541
2021-01-03 00:00:00,6.396152973175049,6.396152973175049,7.153124809265137,800790,6.8262810707092285,6.279967784881592
2021-01-04 00:00:00,5.9338507652282715,5.9338507652282715,6.573265075683594,830698,6.411825180053711,5.489199161529541
2021-01-05 00:00:00,6.265452861785889,6.265452861785889,6.392214775085449,980906,5.936118125915527,5.658997058868408
2021-01-06 00:00:00,6.7282819747924805,6.7282819747924805,6.7374677658081055,1116145,6.2660651206970215,6.147649765014648
2021-01-07 00:00:00,7.9368181228637695,7.9368181228637695,7.957423210144043,1757601,6.71791410446167,6.4313459396362305
2021-01-08 00:00:00,8.353307723999023,8.353307723999023,8.816727638244629,2204419,7.946741104125977,7.16703987121582
2021-01-09 00:00:00,8.530460357666016,8.530460357666016,8.677458763122559,1537193,8.34857177734375,7.942235946655273
2021-01-10 00:00:00,8.424799919128418,8.424799919128418,9.21487808227539,2704519,8.529064178466797,7.887135028839111
2021-01-11 00:00:00,7.737538814544678,7.737538814544678,8.43008804321289,1196075,8.418917655944824,6.575954914093018
2021-01-12 00:00:00,7.368836879730225,7.368836879730225,8.02532958984375,10128478,7.744674205780029,6.8904547691345215
2021-01-13 00:00:00,8.739167213439941,8.739167213439941,8.945629119873047,10068483,7.372422218322754,6.800360202789307
2021-01-14 00:00:00,10.881386756896973,10.881386756896973,10.946599960327148,11564167,8.742304801940918,8.676739692687988
2021-01-15 00:00:00,9.63400936126709,9.63400936126709,11.269696235656738,10831480,10.884976387023926,9.434382438659668
2021-01-16 00:00:00,10.469893455505371,10.469893455505371,10.514899253845215,8037687,9.6441011428833,9.6441011428833
2021-01-17 00:00:00,12.60977554321289,12.60977554321289,12.74281120300293,15475640,10.458658218383789,10.19836711883545
2021-01-18 00:00:00,14.773503303527832,14.773503303527832,14.913496017456055,11074007,12.614395141601562,12.585723876953125
2021-01-19 00:00:00,14.760587692260742,14.760587692260742,15.935490608215332,20003462,14.765604019165039,14.162763595581055
2021-01-20 00:00:00,16.399147033691406,16.399147033691406,16.896087646484375,48367972,14.73709487915039,14.34298324584961
2021-01-21 00:00:00,11.781126976013184,11.781126976013184,16.535648345947266,36495107,16.375268936157227,11.180412292480469
2021-01-22 00:00:00,12.850632667541504,12.850632667541504,13.299400329589844,30075757,11.760699272155762,10.260368347167969
2021-01-23 00:00:00,11.81845474243164,11.81845474243164,12.845356941223145,22854589,12.845356941223145,10.975866317749023
2021-01-24 00:00:00,12.502232551574707,12.502232551574707,12.529688835144043,22298172,11.822359085083008,11.228840827941895
2021-01-25 00:00:00,17.986114501953125,17.986114501953125,21.110637664794922,71686355,12.514925003051758,12.230839729309082
2021-01-26 00:00:00,23.61321449279785,23.61321449279785,23.61321449279785,60831988,17.981510162353516,15.861581802368164
2021-01-27 00:00:00,22.764820098876953,22.764820098876953,25.564151763916016,56800310,23.59465980529785,20.413681030273438
2021-01-28 00:00:00,28.31407928466797,28.31407928466797,29.812620162963867,41445927,22.7590389251709,21.476877212524414
2021-01-29 00:00:00,27.43474006652832,27.43474006652832,29.935230255126953,38908417,27.817190170288086,24.665542602539062
2021-01-30 00:00:00,28.645103454589844,28.645103454589844,28.645103454589844,36613165,27.44575309753418,24.649717330932617
2021-01-31 00:00:00,34.54210662841797,34.54210662841797,37.622406005859375,63829268,28.64278221130371,28.56593894958496
2021-02-01 00:00:00,38.931278228759766,38.931278228759766,43.72231674194336,68463335,34.540931701660156,33.244693756103516
2021-02-02 00:00:00,43.56439208984375,43.56439208984375,46.26210403442383,37699908,39.18514633178711,36.518035888671875
2021-02-03 00:00:00,48.67872619628906,48.67872619628906,49.69780349731445,50053869,43.557952880859375,41.390438079833984
2021-02-04 00:00:00,62.8692512512207,62.8692512512207,69.01377868652344,104316831,48.64198303222656,48.34584045410156
2021-02-05 00:00:00,66.10074615478516,66.10074615478516,81.50408935546875,178760726,63.04164505004883,62.54745864868164
2021-02-06 00:00:00,66.58560180664062,66.58560180664062,73.61725616455078,137225259,66.06492614746094,56.83216857910156
2021-02-07 00:00:00,62.295074462890625,62.295074462890625,69.05347442626953,88674217,66.58690643310547,54.89628601074219
2021-02-08 00:00:00,83.96327209472656,83.96327209472656,85.72806549072266,106952540,62.282588958740234,58.22199249267578
2021-02-09 00:00:00,78.2332992553711,78.2332992553711,89.50387573242188,100042630,83.85365295410156,77.89497375488281
2021-02-10 00:00:00,80.09180450439453,80.09180450439453,87.14066314697266,107591373,78.34308624267578,74.68228912353516
2021-02-11 00:00:00,79.87763977050781,79.87763977050781,85.69357299804688,61026910,80.16986846923828,78.36605834960938
2021-02-12 00:00:00,72.32640838623047,72.32640838623047,81.68006896972656,82330802,79.76945495605469,70.41969299316406
2021-02-13 00:00:00,68.6679458618164,68.6679458618164,73.83547973632812,71410752,72.33763122558594,61.7960205078125
2021-02-14 00:00:00,66.59306335449219,66.59306335449219,70.05294036865234,55925754,68.52995300292969,63.92720413208008
2021-02-15 00:00:00,65.0615005493164,65.0615005493164,70.89323425292969,77756885,66.63709259033203,56.29861068725586
2021-02-16 00:00:00,59.955360412597656,59.955360412597656,69.22643280029297,47299029,64.9994125366211,57.234764099121094
2021-02-17 00:00:00,59.83160400390625,59.83160400390625,61.47462844848633,36945954,59.935977935791016,56.37605667114258
2021-02-18 00:00:00,56.380462646484375,56.380462646484375,61.67534637451172,43733660,59.81267547607422,56.11320877075195
2021-02-19 00:00:00,55.08272933959961,55.08272933959961,56.47107696533203,78806790,56.3907585144043,48.58624267578125
2021-02-20 00:00:00,61.89318084716797,61.89318084716797,67.49906921386719,99099210,55.090084075927734,53.01442337036133
2021-02-21 00:00:00,60.751060485839844,60.751060485839844,72.38847351074219,84826432,61.69917297363281,59.8570671081543
2021-02-22 00:00:00,53.88472366333008,53.88472366333008,61.595455169677734,73275837,60.85087585449219,49.0849609375
2021-02-23 00:00:00,42.66992950439453,42.66992950439453,53.99460983276367,62129684,53.84007263183594,36.786922454833984
2021-02-24 00:00:00,44.12936019897461,44.12936019897461,48.51593780517578,46435543,42.67658615112305,40.59112548828125
2021-02-25 00:00:00,38.348018646240234,38.348018646240234,46.42161560058594,31624828,44.2188835144043,38.348018646240234
2021-02-26 00:00:00,43.37997055053711,43.37997055053711,47.00461196899414,68369211,38.32530975341797,36.09635543823242
2021-02-27 00:00:00,46.168880462646484,46.168880462646484,49.632564544677734,46710222,43.302978515625,43.149017333984375
2021-02-28 00:00:00,39.631103515625,39.631103515625,46.72138595581055,42155579,46.205482482910156,36.30129623413086
2021-03-01 00:00:00,48.7752685546875,48.7752685546875,49.043819427490234,45267029,39.63277053833008,39.6101188659668
2021-03-02 00:00:00,52.78147506713867,52.78147506713867,66.27185821533203,202797468,48.691688537597656,47.65052032470703
2021-03-03 00:00:00,54.18516540527344,54.18516540527344,60.005882263183594,83128351,52.92009353637695,52.0257453918457
2021-03-04 00:00:00,49.61373519897461,49.61373519897461,56.53460693359375,46900765,54.11869812011719,48.957950592041016
2021-03-05 00:00:00,48.579612731933594,48.579612731933594,49.676265716552734,31974285,49.60892868041992,45.012908935546875
2021-03-06 00:00:00,47.06683349609375,47.06683349609375,48.75434112548828,27071937,48.5366096496582,45.346405029296875
2021-03-07 00:00:00,51.56305694580078,51.56305694580078,51.74233627319336,48510195,47.0030403137207,45.53971481323242
2021-03-08 00:00:00,48.932132720947266,48.932132720947266,52.551212310791016,42030504,51.48591232299805,47.163909912109375
2021-03-09 00:00:00,49.452083587646484,49.452083587646484,50.03508758544922,30074830,48.82366943359375,47.27720642089844
2021-03-10 00:00:00,47.60693359375,47.60693359375,51.72553634643555,36910749,49.47090148925781,47.258270263671875
2021-03-11 00:00:00,44.788978576660156,44.788978576660156,47.58287048339844,48739559,47.582584381103516,42.14902877807617
2021-03-12 00:00:00,43.60909652709961,43.60909652709961,46.10375213623047,36438076,44.72439956665039,41.38650894165039
2021-03-13 00:00:00,48.812652587890625,48.812652587890625,48.88143539428711,39758456,43.621402740478516,42.694114685058594
2021-03-14 00:00:00,47.021114349365234,47.021114349365234,48.87358856201172,35032568,48.80414581298828,44.31803894042969
2021-03-15 00:00:00,44.7945671081543,44.7945671081543,47.85341262817383,28268555,46.660987854003906,42.61723327636719
2021-03-16 00:00:00,44.49883270263672,44.49883270263672,44.931949615478516,22193683,44.78390884399414,42.10047149658203
2021-03-17 00:00:00,43.72262191772461,43.72262191772461,44.493125915527344,22984315,44.429996490478516,41.36125564575195
2021-03-18 00:00:00,42.456016540527344,42.456016540527344,45.491817474365234,20119491,43.74143981933594,42.438987731933594
2021-03-19 00:00:00,44.18632125854492,44.18632125854492,46.0623893737793,30739180,42.453453063964844,41.70840835571289
2021-03-20 00:00:00,45.09164047241211,45.09164047241211,47.690120697021484,32467790,44.14027404785156,44.00226593017578
2021-03-21 00:00:00,43.426090240478516,43.426090240478516,46.00263214111328,21365529,45.118309020996094,42.75957489013672
2021-03-22 00:00:00,39.16651153564453,39.16651153564453,43.45393371582031,28801800,43.428871154785156,38.41344451904297
2021-03-23 00:00:00,37.0383415222168,37.0383415222168,39.69432830810547,24323318,39.16872024536133,36.950599670410156
2021-03-24 00:00:00,36.52822494506836,36.52822494506836,38.7398796081543,33897504,37.010162353515625,35.7532958984375
2021-03-25 00:00:00,34.512508392333984,34.512508392333984,41.67845153808594,58652836,36.50629425048828,34.457366943359375
2021-03-26 00:00:00,38.185848236083984,38.185848236083984,38.99018478393555,25697654,34.51423263549805,34.322776794433594
2021-03-27 00:00:00,37.6765022277832,37.6765022277832,38.62348175048828,16542052,38.232933044433594,36.628814697265625
2021-03-28 00:00:00,36.107872009277344,36.107872009277344,37.87715530395508,20216697,37.66964340209961,35.788482666015625
2021-03-29 00:00:00,37.1478157043457,37.1478157043457,37.525386810302734,23647013,36.106590270996094,35.225433349609375
2021-03-30 00:00:00,39.48395538330078,39.48395538330078,40.7880859375,38467865,37.143768310546875,37.11184310913086
2021-03-31 00:00:00,37.08240509033203,37.08240509033203,40.256263732910156,25942674,39.578269958496094,36.582801818847656
2021-04-01 00:00:00,46.30606460571289,46.30606460571289,47.601524353027344,113047011,37.08576965332031,36.98583984375
2021-04-02 00:00:00,43.501197814941406,43.501197814941406,47.49814987182617,42320230,46.330810546875,42.46955490112305
2021-04-03 00:00:00,39.47123336791992,39.47123336791992,43.63318634033203,24074022,43.48553466796875,39.46553039550781
2021-04-04 00:00:00,41.489444732666016,41.489444732666016,42.38535690307617,23971147,39.459720611572266,39.241519927978516
2021-04-05 00:00:00,42.82950973510742,42.82950973510742,44.70585250854492,33548862,41.51926803588867,40.19353485107422
2021-04-06 00:00:00,41.530799865722656,41.530799865722656,43.994049072265625,26908892,42.78288269042969,40.755027770996094
2021-04-07 00:00:00,38.303932189941406,38.303932189941406,41.771305084228516,26887990,41.48147201538086,37.370914459228516
2021-04-08 00:00:00,42.857154846191406,42.857154846191406,42.90153121948242,28160011,38.30162811279297,37.96445083618164
2021-04-09 00:00:00,42.75226974487305,42.75226974487305,44.04896545410156,29941952,42.89468002319336,41.43898391723633
2021-04-10 00:00:00,42.21659851074219,42.21659851074219,45.129154205322266,25872070,42.75246810913086,41.3156852722168
2021-04-11 00:00:00,41.23562240600586,41.23562240600586,42.63629150390625,17397295,42.216041564941406,40.74751663208008
2021-04-12 00:00:00,41.00417709350586,41.00417709350586,42.09558868408203,23980628,41.16434860229492,40.06460952758789
2021-04-13 00:00:00,43.571083068847656,43.571083068847656,45.361663818359375,43044539,41.00430679321289,40.88345718383789
2021-04-14 00:00:00,46.74308776855469,46.74308776855469,46.8292236328125,62216822,43.56602478027344,42.174720764160156
2021-04-15 00:00:00,50.29938888549805,50.29938888549805,53.459659576416016,96688781,46.747802734375,46.58237838745117
2021-04-16 00:00:00,50.54893112182617,50.54893112182617,52.68104553222656,45684497,50.32728958129883,46.347293853759766
2021-04-17 00:00:00,46.83108139038086,46.83108139038086,51.91029357910156,31340459,50.61858367919922,46.013797760009766
2021-04-18 00:00:00,39.236061096191406,39.236061096191406,46.8950309753418,51305142,46.882530212402344,36.008453369140625
2021-04-19 00:00:00,35.33441925048828,35.33441925048828,40.68985366821289,32084934,39.29960250854492,34.53550720214844
2021-04-20 00:00:00,34.4700813293457,34.4700813293457,35.55854797363281,43674107,35.253326416015625,30.226884841918945
2021-04-21 00:00:00,31.36756134033203,31.36756134033203,35.6681022644043,24003753,34.47184371948242,31.36756134033203
2021-04-22 00:00:00,28.50003433227539,28.50003433227539,34.190731048583984,36916567,31.428544998168945,27.82801628112793
2021-04-23 00:00:00,27.70911979675293,27.70911979675293,29.141420364379883,29330704,28.456920623779297,24.10330581665039
2021-04-24 00:00:00,24.565532684326172,24.565532684326172,27.735328674316406,17636279,27.71473503112793,24.50047492980957
2021-04-25 00:00:00,24.84946060180664,24.84946060180664,26.853973388671875,17209180,24.597700119018555,23.99626350402832
2021-04-26 00:00:00,30.377477645874023,30.377477645874023,31.024206161499023,44252951,24.847192764282227,24.847192764282227
2021-04-27 00:00:00,34.75360870361328,34.75360870361328,36.116966247558594,42476556,30.37090492248535,29.9739990234375
2021-04-28 00:00:00,32.8809814453125,32.8809814453125,36.20469284057617,32869656,34.75890350341797,32.2314453125
2021-04-29 00:00:00,31.672470092773438,31.672470092773438,34.168636322021484,34546583,32.8115234375,30.60688018798828
2021-04-30 00:00:00,34.636634826660156,34.636634826660156,35.68596649169922,48937692,31.74819564819336,31.416074752807617
2021-05-01 00:00:00,37.785743713378906,37.785743713378906,38.65451431274414,41402569,34.640724182128906,33.97283172607422
2021-05-02 00:00:00,36.0294075012207,36.0294075012207,37.89186096191406,26364464,37.7827033996582,34.7964973449707
2021-05-03 00:00:00,35.094505310058594,35.094505310058594,37.74774169921875,23248519,36.03056716918945,35.0450325012207
2021-05-04 00:00:00,31.012128829956055,31.012128829956055,35.1111946105957,30695638,35.1111946105957,30.8374080657959
2021-05-05 00:00:00,34.014732360839844,34.014732360839844,34.544517517089844,26763702,31.007143020629883,30.79483985900879
2021-05-06 00:00:00,31.85795021057129,31.85795021057129,34.28268814086914,31284042,33.95387649536133,31.161941528320312
2021-05-07 00:00:00,34.299861907958984,34.299861907958984,47.26991653442383,92458579,31.854896545410156,31.030811309814453
2021-05-08 00:00:00,37.992523193359375,37.992523193359375,42.713565826416016,129200336,34.37952423095703,34.14995574951172
2021-05-09 00:00:00,35.14251708984375,35.14251708984375,38.04627227783203,47345025,37.957454681396484,33.97310256958008
2021-05-10 00:00:00,31.79772186279297,31.79772186279297,36.44782257080078,28140585,35.17945861816406,30.060924530029297
2021-05-11 00:00:00,32.37406921386719,32.37406921386719,32.59480667114258,19240444,31.705930709838867,30.149118423461914
2021-05-12 00:00:00,29.851863861083984,29.851863861083984,37.22045135498047,39862357,32.473426818847656,29.851863861083984
2021-05-13 00:00:00,28.965883255004883,28.965883255004883,33.21159744262695,33651418,29.55374526977539,27.74434471130371
2021-05-14 00:00:00,29.7160701751709,29.7160701751709,31.31328010559082,21164021,28.857995986938477,28.715906143188477
2021-05-15 00:00:00,26.653295516967773,26.653295516967773,30.79104232788086,16170107,29.719724655151367,26.523170471191406
2021-05-16 00:00:00,26.17226791381836,26.17226791381836,29.19220733642578,19478059,26.538854598999023,24.981088638305664
2021-05-17 00:00:00,24.61333656311035,24.61333656311035,26.635770797729492,20722429,26.15456771850586,23.647178649902344
2021-05-18 00:00:00,25.018226623535156,25.018226623535156,26.674436569213867,26701127,24.532089233398438,23.764984130859375
2021-05-19 00:00:00,16.345703125,16.345703125,25.38733673095703,33565017,25.09602928161621,12.408695220947266
2021-05-20 00:00:00,18.263681411743164,18.263681411743164,19.758068084716797,30022108,16.289213180541992,15.238713264465332
2021-05-21 00:00:00,15.107422828674316,15.107422828674316,19.473600387573242,22729461,18.284460067749023,13.408355712890625
2021-05-22 00:00:00,13.765536308288574,13.765536308288574,15.453030586242676,15589506,15.057637214660645,13.207671165466309
2021-05-23 00:00:00,10.524229049682617,10.524229049682617,14.059749603271484,17239860,13.763944625854492,8.32931900024414
2021-05-24 00:00:00,12.54235553741455,12.54235553741455,12.927932739257812,15281944,10.527600288391113,10.377683639526367
2021-05-25 00:00:00,12.70995807647705,12.70995807647705,13.197866439819336,15042307,12.546923637390137,11.234049797058105
2021-05-26 00:00:00,14.909991264343262,14.909991264343262,15.142507553100586,25341002,12.807839393615723,12.742532730102539
2021-05-27 00:00:00,13.522016525268555,13.522016525268555,14.912616729736328,11975552,14.908592224121094,13.364469528198242
2021-05-28 00:00:00,11.692314147949219,11.692314147949219,13.664323806762695,11962421,13.550995826721191,11.221562385559082
2021-05-29 00:00:00,11.021142959594727,11.021142959594727,12.17879581451416,8833823,11.664505004882812,10.608848571777344
2021-05-30 00:00:00,11.815116882324219,11.815116882324219,12.266533851623535,7898771,11.021663665771484,10.614311218261719
2021-05-31 00:00:00,12.63150405883789,12.63150405883789,12.706921577453613,9771693,11.82627010345459,11.111369132995605
2021-06-01 00:00:00,12.740700721740723,12.740700721740723,12.784887313842773,10327920,12.59350872039795,11.533708572387695
2021-06-02 00:00:00,17.901920318603516,17.901920318603516,20.325782775878906,101660861,12.68948745727539,12.294458389282227
2021-06-03 00:00:00,17.921527862548828,17.921527862548828,19.464595794677734,50153461,17.94344711303711,17.202350616455078
2021-06-04 00:00:00,15.975568771362305,15.975568771362305,18.008031845092773,21063374,17.959674835205078,14.816898345947266
2021-06-05 00:00:00,15.331399917602539,15.331399917602539,17.22417640686035,17029912,15.91567325592041,14.852615356445312
2021-06-06 00:00:00,15.259455680847168,15.259455680847168,16.226083755493164,13971789,15.32798957824707,14.989611625671387
2021-06-07 00:00:00,13.70533561706543,13.70533561706543,16.092138290405273,14959180,15.227702140808105,13.519440650939941
2021-06-08 00:00:00,13.0326509475708,13.0326509475708,14.01479434967041,13614367,13.687154769897461,11.758411407470703
2021-06-09 00:00:00,14.846660614013672,14.846660614013672,15.563142776489258,22152097,13.019039154052734,12.203904151916504
2021-06-10 00:00:00,13.623333930969238,13.623333930969238,15.19796371459961,13731332,14.847235679626465,13.074213981628418
2021-06-11 00:00:00,12.821290016174316,12.821290016174316,14.30663013458252,14479912,13.623188018798828,12.527364730834961
2021-06-12 00:00:00,12.246745109558105,12.246745109558105,12.869797706604004,9269050,12.822528839111328,11.72227668762207
2021-06-13 00:00:00,13.09687328338623,13.09687328338623,13.431370735168457,9044895,12.247035026550293,11.77396011352539
2021-06-14 00:00:00,13.421582221984863,13.421582221984863,14.153644561767578,9605882,13.097426414489746,13.032515525817871
2021-06-15 00:00:00,13.944095611572266,13.944095611572266,14.630752563476562,11458149,14.364951133728027,13.373978614807129
2021-06-16 00:00:00,12.885534286499023,12.885534286499023,13.991015434265137,8566739,13.63372802734375,12.763384819030762
2021-06-17 00:00:00,12.91659927368164,12.91659927368164,13.56442642211914,8438139,12.88417911529541,12.548933982849121
2021-06-18 00:00:00,11.759248733520508,11.759248733520508,12.969406127929688,8455691,12.917012214660645,11.3854398727417
2021-06-19 00:00:00,12.38244342803955,12.38244342803955,13.788676261901855,17401041,11.760475158691406,11.283720970153809
2021-06-20 00:00:00,12.147489547729492,12.147489547729492,12.608368873596191,11367509,12.277198791503906,11.314352035522461
2021-06-21 00:00:00,9.156137466430664,9.156137466430664,12.178688049316406,11069904,12.146876335144043,9.15520191192627
2021-06-22 00:00:00,7.951167106628418,7.951167106628418,9.900279998779297,13133105,9.155256271362305,7.703507900238037
2021-06-23 00:00:00,8.614619255065918,8.614619255065918,8.881016731262207,14272686,7.956447124481201,7.698074817657471
2021-06-24 00:00:00,9.585580825805664,9.585580825805664,9.635560989379883,13364877,8.538084983825684,8.007461547851562
2021-06-25 00:00:00,7.743265151977539,7.743265151977539,9.63742446899414,9808939,9.63742446899414,7.627167224884033
2021-06-26 00:00:00,7.6305742263793945,7.6305742263793945,7.9162278175354,6770745,7.742712020874023,7.053578853607178
2021-06-27 00:00:00,8.096561431884766,8.096561431884766,8.096561431884766,7994361,7.713111877441406,7.457161903381348
2021-06-28 00:00:00,8.363138198852539,8.363138198852539,8.439299583435059,7802524,8.125929832458496,7.8899359703063965
2021-06-29 00:00:00,9.458745956420898,9.458745956420898,10.86544132232666,21949253,8.380634307861328,8.380634307861328
2021-06-30 00:00:00,9.370013236999512,9.370013236999512,9.610158920288086,8903107,9.442042350769043,8.789727210998535
2021-07-01 00:00:00,8.895228385925293,8.895228385925293,9.402902603149414,6030082,9.402902603149414,8.710282325744629
2021-07-02 00:00:00,8.974435806274414,8.974435806274414,9.143213272094727,6660232,8.895336151123047,8.550963401794434
2021-07-03 00:00:00,9.326294898986816,9.326294898986816,9.491912841796875,8063258,8.973921775817871,8.88200569152832
2021-07-04 00:00:00,9.620327949523926,9.620327949523926,9.990463256835938,5095789,9.325557708740234,9.236467361450195
2021-07-05 00:00:00,9.308174133300781,9.308174133300781,9.621301651000977,4866669,9.621301651000977,9.03089427947998
2021-07-06 00:00:00,10.145852088928223,10.145852088928223,10.439021110534668,9924296,9.307473182678223,9.260162353515625
2021-07-07 00:00:00,10.015530586242676,10.015530586242676,10.6334810256958,5975374,10.166333198547363,9.997135162353516
2021-07-08 00:00:00,9.000736236572266,9.000736236572266,10.050155639648438,7362305,10.014298439025879,8.82794189453125
2021-07-09 00:00:00,9.058208465576172,9.058208465576172,9.093249320983887,4078258,9.000741958618164,8.63766098022461
2021-07-10 00:00:00,8.89424991607666,8.89424991607666,9.237465858459473,3221280,9.057426452636719,8.734793663024902
2021-07-11 00:00:00,9.055383682250977,9.055383682250977,9.181353569030762,3179533,8.893308639526367,8.744244575500488
2021-07-12 00:00:00,8.724454879760742,8.724454879760742,9.238497734069824,4482404,9.054939270019531,8.543121337890625
2021-07-13 00:00:00,7.974553108215332,7.974553108215332,8.724233627319336,5248472,8.724233627319336,7.888123989105225
2021-07-14 00:00:00,8.041720390319824,8.041720390319824,8.188117027282715,5450268,7.97354793548584,7.562935829162598
2021-07-15 00:00:00,7.801767826080322,7.801767826080322,8.259649276733398,4921915,8.066003799438477,7.653781890869141
2021-07-16 00:00:00,7.800908088684082,7.800908088684082,8.064720153808594,5150206,7.831689834594727,7.337736129760742
2021-07-17 00:00:00,7.570526123046875,7.570526123046875,7.861641883850098,3238530,7.797208786010742,7.505610942840576
2021-07-18 00:00:00,7.851974010467529,7.851974010467529,7.9678239822387695,3564364,7.570765018463135,7.44775390625
2021-07-19 00:00:00,7.150362014770508,7.150362014770508,7.95501708984375,3518975,7.92618989944458,7.137265205383301
2021-07-20 00:00:00,6.785802841186523,6.785802841186523,7.202755928039551,3938392,7.142169952392578,6.668755054473877
2021-07-21 00:00:00,7.485750198364258,7.485750198364258,7.807881832122803,6663063,6.759439945220947,6.570718765258789
2021-07-22 00:00:00,7.747530937194824,7.747530937194824,7.878951072692871,8220313,7.474258899688721,7.300478935241699
2021-07-23 00:00:00,8.349845886230469,8.349845886230469,8.370347023010254,7659150,7.743600845336914,7.712536811828613
2021-07-24 00:00:00,8.702335357666016,8.702335357666016,8.702335357666016,5096315,8.348363876342773,8.136693954467773
2021-07-25 00:00:00,9.424099922180176,9.424099922180176,9.424099922180176,12746054,8.702136039733887,8.57900619506836
2021-07-26 00:00:00,9.560615539550781,9.560615539550781,10.395797729492188,9614815,9.440530776977539,9.207199096679688
2021-07-27 00:00:00,9.868627548217773,9.868627548217773,9.923678398132324,6174041,9.550555229187012,8.916654586791992
2021-07-28 00:00:00,11.208465576171875,11.208465576171875,11.898885726928711,29815962,9.868413925170898,9.712494850158691
2021-07-29 00:00:00,11.350050926208496,11.350050926208496,11.467835426330566,16446245,11.27221965789795,10.584126472473145
2021-07-30 00:00:00,11.932584762573242,11.932584762573242,12.187688827514648,18200471,11.34991455078125,11.118471145629883
2021-07-31 00:00:00,11.760140419006348,11.760140419006348,12.351004600524902,11991866,11.945314407348633,11.71108627319336
2021-08-01 00:00:00,10.831637382507324,10.831637382507324,11.779909133911133,10918661,11.699716567993164,10.830270767211914
2021-08-02 00:00:00,10.62515640258789,10.62515640258789,10.983437538146973,10091937,10.831398010253906,10.328481674194336
2021-08-03 00:00:00,11.444663047790527,11.444663047790527,11.997076034545898,16355024,10.624857902526855,10.545230865478516
2021-08-04 00:00:00,13.374388694763184,13.374388694763184,14.014036178588867,19562107,11.464516639709473,11.029648780822754
2021-08-05 00:00:00,17.361204147338867,17.361204147338867,17.85502815246582,103014578,13.374683380126953,13.203756332397461
2021-08-06 00:00:00,22.799009323120117,22.799009323120117,23.214326858520508,98172411,17.43058204650879,15.284626007080078
2021-08-07 00:00:00,25.7319278717041,25.7319278717041,32.01227951049805,279604327,23.003618240356445,20.692121505737305
2021-08-08 00:00:00,23.084070205688477,23.084070205688477,26.891475677490234,64098859,25.67671775817871,22.74591636657715
2021-08-09 00:00:00,26.611848831176758,26.611848831176758,29.930892944335938,75992046,23.085203170776367,21.48769187927246
2021-08-10 00:00:00,32.38328552246094,32.38328552246094,33.76435470581055,99807605,26.573505401611328,25.01526641845703
2021-08-11 00:00:00,28.261306762695312,28.261306762695312,33.93543243408203,63328865,32.38740158081055,27.99443244934082
2021-08-12 00:00:00,26.537673950195312,26.537673950195312,29.136940002441406,29283388,28.242557525634766,25.82025146484375
2021-08-13 00:00:00,30.600221633911133,30.600221633911133,31.29811668395996,32859444,26.456005096435547,26.397258758544922
2021-08-14 00:00:00,27.63003921508789,27.63003921508789,30.679964065551758,26646542,30.672779083251953,26.461336135864258
2021-08-15 00:00:00,26.859546661376953,26.859546661376953,27.750429153442383,20602180,27.750429153442383,25.722129821777344
2021-08-16 00:00:00,25.461883544921875,25.461883544921875,28.206850051879883,22664023,26.858688354492188,25.179462432861328
2021-08-17 00:00:00,23.31051254272461,23.31051254272461,26.139217376708984,20999765,25.34404754638672,23.147546768188477
2021-08-18 00:00:00,22.638534545898438,22.638534545898438,25.1195011138916,22793361,23.35951042175293,22.18282127380371
2021-08-19 00:00:00,25.29056167602539,25.29056167602539,25.668764114379883,21201927,22.615304946899414,22.28692054748535
2021-08-20 00:00:00,26.104278564453125,26.104278564453125,27.05975341796875,19613559,25.231191635131836,25.231191635131836
2021-08-21 00:00:00,24.388107299804688,24.388107299804688,26.18594741821289,16386669,26.185640335083008,24.203689575195312
2021-08-22 00:00:00,24.454011917114258,24.454011917114258,25.016254425048828,22571944,24.30887794494629,23.515918731689453
2021-08-23 00:00:00,24.268949508666992,24.268949508666992,26.00990867614746,17210956,24.455299377441406,23.93372917175293
2021-08-24 00:00:00,21.70519256591797,21.70519256591797,24.531747817993164,18981422,24.26002311706543,21.70519256591797
2021-08-25 00:00:00,21.86903953552246,21.86903953552246,23.066730499267578,18023229,21.68865966796875,20.892044067382812
2021-08-26 00:00:00,20.886777877807617,20.886777877807617,22.273828506469727,17126517,21.87152862548828,20.12643051147461
2021-08-27 00:00:00,21.95880126953125,21.95880126953125,22.118900299072266,14166768,20.981088638305664,20.167709350585938
2021-08-28 00:00:00,23.985370635986328,23.985370635986328,25.942291259765625,57465495,21.956741333007812,21.898141860961914
2021-08-29 00:00:00,23.31969451904297,23.31969451904297,24.89260482788086,25145022,23.94578742980957,22.93802833557129
2021-08-30 00:00:00,26.09308433532715,26.09308433532715,26.53726577758789,40780538,23.319652557373047,21.726131439208984
2021-08-31 00:00:00,24.720849990844727,24.720849990844727,27.248859405517578,47413698,26.145248413085938,23.84666633605957
2021-09-01 00:00:00,25.048343658447266,25.048343658447266,25.380712509155273,14456612,24.636564254760742,23.86019515991211
2021-09-02 00:00:00,25.436710357666016,25.436710357666016,27.957685470581055,35381150,25.048168182373047,24.94024085998535
2021-09-03 00:00:00,25.24738311767578,25.24738311767578,26.794015884399414,18302666,25.423898696899414,24.819637298583984
2021-09-04 00:00:00,24.3858699798584,24.3858699798584,25.67001724243164,15870743,25.256563186645508,24.242347717285156
2021-09-05 00:00:00,24.90837860107422,24.90837860107422,25.215038299560547,14708397,24.382150650024414,24.090978622436523
2021-09-06 00:00:00,25.16509246826172,25.16509246826172,25.187246322631836,23006234,24.848766326904297,23.575712203979492
2021-09-07 00:00:00,18.73362159729004,18.73362159729004,25.241979598999023,32779465,25.18491554260254,17.730497360229492
2021-09-08 00:00:00,19.29450798034668,19.29450798034668,20.121925354003906,26301994,18.74028968811035,17.460208892822266
2021-09-09 00:00:00,18.981857299804688,18.981857299804688,20.281814575195312,26638694,18.878639221191406,18.7199764251709
2021-09-10 00:00:00,18.06312370300293,18.06312370300293,19.615867614746094,19376813,18.96388816833496,17.687259674072266
2021-09-11 00:00:00,18.935361862182617,18.935361862182617,19.436817169189453,11855384,18.064353942871094,17.87230682373047
2021-09-12 00:00:00,18.98524284362793,18.98524284362793,19.36594581604004,13159423,18.93398666381836,18.4227237701416
2021-09-13 00:00:00,17.704708099365234,17.704708099365234,19.078622817993164,13133939,18.986026763916016,17.015554428100586
2021-09-14 00:00:00,20.131698608398438,20.131698608398438,20.271657943725586,14048885,17.69314956665039,17.60601234436035
2021-09-15 00:00:00,21.15768814086914,21.15768814086914,21.59343719482422,17747735,20.15873146057129,20.07689094543457
2021-09-16 00:00:00,21.066333770751953,21.066333770751953,22.63872718811035,17521311,21.140888214111328,20.5469913482666
2021-09-17 00:00:00,23.37002182006836,23.37002182006836,24.150087356567383,26124699,21.058761596679688,19.821147918701172
2021-09-18 00:00:00,22.81984519958496,22.81984519958496,25.56621551513672,52991004,23.428800582885742,22.44545555114746
2021-09-19 00:00:00,20.57822608947754,20.57822608947754,22.815671920776367,18072684,22.7991943359375,20.287031173706055
2021-09-20 00:00:00,17.063922882080078,17.063922882080078,20.8253173828125,23767856,20.64737319946289,16.975528717041016
2021-09-21 00:00:00,16.297626495361328,16.297626495361328,18.21172332763672,18056277,17.112077713012695,15.704854011535645
2021-09-22 00:00:00,18.60088348388672,18.60088348388672,18.703475952148438,15170076,16.260343551635742,16.21258544921875
2021-09-23 00:00:00,19.48033905029297,19.48033905029297,20.299209594726562,26276897,18.60038948059082,17.828083038330078
2021-09-24 00:00:00,17.742595672607422,17.742595672607422,19.479642868041992,17102063,19.479642868041992,16.344539642333984
2021-09-25 00:00:00,17.237192153930664,17.237192153930664,18.06359100341797,11986112,17.74213218688965,17.164831161499023
2021-09-26 00:00:00,16.44182777404785,16.44182777404785,17.2545166015625,10736148,17.23716163635254,15.810192108154297
2021-09-27 00:00:00,15.678120613098145,15.678120613098145,17.434864044189453,10447841,16.441450119018555,15.60906982421875
2021-09-28 00:00:00,15.093077659606934,15.093077659606934,16.015869140625,11315527,15.67822265625,14.816065788269043
2021-09-29 00:00:00,14.955683708190918,14.955683708190918,15.972467422485352,11607100,15.128462791442871,14.63956069946289
2021-09-30 00:00:00,16.042282104492188,16.042282104492188,16.1564998626709,12978038,14.955177307128906,14.915417671203613
2021-10-01 00:00:00,18.81352996826172,18.81352996826172,19.698715209960938,25084223,16.101608276367188,15.745302200317383
2021-10-02 00:00:00,19.596317291259766,19.596317291259766,20.35995864868164,25302029,18.85387420654297,18.528644561767578
2021-10-03 00:00:00,18.9860782623291,18.9860782623291,19.59503173828125,9409550,19.554590225219727,18.53322982788086
2021-10-04 00:00:00,18.248552322387695,18.248552322387695,19.095956802368164,10985620,18.985092163085938,17.986820220947266
2021-10-05 00:00:00,23.882667541503906,23.882667541503906,24.957033157348633,42994229,18.2972412109375,18.063018798828125
2021-10-06 00:00:00,24.93181610107422,24.93181610107422,31.116098403930664,148281790,23.940860748291016,21.827903747558594
2021-10-07 00:00:00,23.22555923461914,23.22555923461914,25.320898056030273,39418333,24.938396453857422,23.099945068359375
2021-10-08 00:00:00,24.222990036010742,24.222990036010742,25.393102645874023,32150916,23.226226806640625,22.148231506347656
2021-10-09 00:00:00,28.410747528076172,28.410747528076172,28.69863510131836,61868023,24.283464431762695,23.90266227722168
2021-10-10 00:00:00,27.106882095336914,27.106882095336914,28.940937042236328,44368629,28.457138061523438,26.167713165283203
2021-10-11 00:00:00,31.979188919067383,31.979188919067383,34.18330001831055,118318999,27.109237670898438,26.831138610839844
2021-10-12 00:00:00,33.631500244140625,33.631500244140625,36.378936767578125,101855821,32.021427154541016,29.973974227905273
2021-10-13 00:00:00,36.62583923339844,36.62583923339844,42.73505783081055,148567756,33.60445022583008,31.359323501586914
2021-10-14 00:00:00,33.972007751464844,33.972007751464844,38.88274002075195,93518466,36.524295806884766,32.85379409790039
2021-10-15 00:00:00,30.1546630859375,30.1546630859375,35.9935188293457,61398107,34.261024475097656,30.09808921813965
2021-10-16 00:00:00,29.321510314941406,29.321510314941406,31.121044158935547,24401942,30.06728172302246,29.11236000061035
2021-10-17 00:00:00,27.445926666259766,27.445926666259766,29.42949104309082,30183834,29.320926666259766,26.078044891357422
2021-10-18 00:00:00,26.571680068969727,26.571680068969727,30.55951499938965,43198459,27.36785888671875,26.520526885986328
2021-10-19 00:00:00,28.1414737701416,28.1414737701416,28.22922706604004,29497762,26.57118034362793,26.24813461303711
2021-10-20 00:00:00,27.428007125854492,27.428007125854492,28.531517028808594,24601492,28.141332626342773,26.89794921875
2021-10-21 00:00:00,25.589853286743164,25.589853286743164,28.12428855895996,25097851,27.4107666015625,25.473590850830078
2021-10-22 00:00:00,26.175537109375,26.175537109375,26.589771270751953,19035642,25.521961212158203,25.018817901611328
2021-10-23 00:00:00,28.1555233001709,28.1555233001709,29.741243362426758,38094883,26.18585968017578,25.80215072631836
2021-10-24 00:00:00,26.95948028564453,26.95948028564453,28.61285972595215,22424161,28.35362434387207,26.55107307434082
2021-10-25 00:00:00,29.64316749572754,29.64316749572754,29.692779541015625,34338074,26.95557975769043,26.745140075683594
2021-10-26 00:00:00,29.246553421020508,29.246553421020508,33.6901741027832,68616717,29.644594192504883,29.07535743713379
2021-10-27 00:00:00,25.170560836791992,25.170560836791992,30.245763778686523,35102308,29.19746208190918,25.115339279174805
2021-10-28 00:00:00,26.250905990600586,26.250905990600586,27.27056312561035,29771362,25.149898529052734,24.840116500854492
2021-10-29 00:00:00,27.0492000579834,27.0492000579834,27.34244155883789,20875263,26.330120086669922,25.888212203979492
2021-10-30 00:00:00,25.61850929260254,25.61850929260254,27.069541931152344,11922806,27.030559539794922,25.29413414001465
2021-10-31 00:00:00,25.62013816833496,25.62013816833496,26.122713088989258,13485517,25.668275833129883,24.593948364257812
2021-11-01 00:00:00,25.870882034301758,25.870882034301758,26.407299041748047,13455831,25.61893081665039,24.934650421142578
2021-11-02 00:00:00,28.573760986328125,28.573760986328125,28.72896385192871,23120253,25.898714065551758,25.325054168701172
2021-11-03 00:00:00,39.18829345703125,39.18829345703125,52.72811508178711,401694104,28.524826049804688,27.516769409179688
2021-11-04 00:00:00,34.137901306152344,34.137901306152344,44.32275390625,218050559,39.109901428222656,33.93673324584961
2021-11-05 00:00:00,31.11577033996582,31.11577033996582,34.954627990722656,44849460,34.03791046142578,30.72767448425293
2021-11-06 00:00:00,32.45270919799805,32.45270919799805,34.98379898071289,60194539,31.067855834960938,29.399080276489258
2021-11-07 00:00:00,32.41640090942383,32.41640090942383,34.19139862060547,33912510,32.50642395019531,31.754966735839844
2021-11-08 00:00:00,37.87468719482422,37.87468719482422,40.767635345458984,127217074,32.426353454589844,32.32248306274414
2021-11-09 00:00:00,34.51470947265625,34.51470947265625,39.32411193847656,37596141,37.893089294433594,34.35957717895508
2021-11-10 00:00:00,31.872121810913086,31.872121810913086,36.07375717163086,31981994,34.50725173950195,30.57233428955078
2021-11-11 00:00:00,32.33796691894531,32.33796691894531,33.7357292175293,24794906,31.8624324798584,31.136512756347656
2021-11-12 00:00:00,30.93943214416504,30.93943214416504,32.46343994140625,19371166,32.25132751464844,30.24286460876465
2021-11-13 00:00:00,33.5031852722168,33.5031852722168,34.698429107666016,26916647,30.97301483154297,30.546802520751953
2021-11-14 00:00:00,33.13444900512695,33.13444900512695,36.15646743774414,29292485,33.530216217041016,31.818185806274414
2021-11-15 00:00:00,32.16514205932617,32.16514205932617,34.576358795166016,21210874,33.14129638671875,31.978490829467773
2021-11-16 00:00:00,28.1629638671875,28.1629638671875,46.1590576171875,28369963,32.1741943359375,27.02527618408203
2021-11-17 00:00:00,29.423269271850586,29.423269271850586,31.218976974487305,26005856,28.11952781677246,27.182418823242188
2021-11-18 00:00:00,25.871231079101562,25.871231079101562,30.32210350036621,21985404,29.457469940185547,25.527708053588867
2021-11-19 00:00:00,27.67586326599121,27.67586326599121,28.15178871154785,18663446,25.91631317138672,25.1167049407959
2021-11-20 00:00:00,28.280927658081055,28.280927658081055,29.463510513305664,41029198,27.65607261657715,26.405466079711914
2021-11-21 00:00:00,26.5596981048584,26.5596981048584,28.77370262145996,16779948,28.2396240234375,26.5596981048584
2021-11-22 00:00:00,25.531787872314453,25.531787872314453,26.956497192382812,17336427,26.927967071533203,25.209476470947266
2021-11-23 00:00:00,26.98457145690918,26.98457145690918,27.40052032470703,29964627,25.52125358581543,24.964595794677734
2021-11-24 00:00:00,26.707584381103516,26.707584381103516,27.5438232421875,28869785,26.94402313232422,25.66529083251953
2021-11-25 00:00:00,26.42378044128418,26.42378044128418,29.96329689025879,27602192,25.893558502197266,25.760395050048828
2021-11-26 00:00:00,24.676088333129883,24.676088333129883,29.9354305267334,26204838,28.75930404663086,24.676088333129883
2021-11-27 00:00:00,25.64590072631836,25.64590072631836,26.65778350830078,21945994,24.816476821899414,24.71787452697754
2021-11-28 00:00:00,25.858253479003906,25.858253479003906,26.081096649169922,22366191,25.696998596191406,23.16276741027832
2021-11-29 00:00:00,26.378463745117188,26.378463745117188,26.86620330810547,20644509,25.863388061523438,24.955577850341797
2021-11-30 00:00:00,26.37883186340332,26.37883186340332,27.191625595092773,23952591,26.333309173583984,24.766557693481445
2021-12-01 00:00:00,26.966381072998047,26.966381072998047,28.480396270751953,22724413,26.373868942260742,26.150676727294922
2021-12-02 00:00:00,21.593700408935547,21.593700408935547,27.15449333190918,80749729,27.023738861083984,21.17677879333496
2021-12-03 00:00:00,18.5211181640625,18.5211181640625,21.67733383178711,34685247,21.612829208374023,17.66741371154785
2021-12-04 00:00:00,16.189340591430664,16.189340591430664,18.628801345825195,24233419,18.540300369262695,14.660733222961426
2021-12-05 00:00:00,15.355124473571777,15.355124473571777,16.648120880126953,14398567,16.140201568603516,14.834554672241211
2021-12-06 00:00:00,15.548933029174805,15.548933029174805,15.749703407287598,18960382,15.300559997558594,13.624384880065918
2021-12-07 00:00:00,15.093914031982422,15.093914031982422,15.86555004119873,11655051,15.479174613952637,14.774337768554688
2021-12-08 00:00:00,15.59546947479248,15.59546947479248,15.86043930053711,13064110,15.054939270019531,14.179072380065918
2021-12-09 00:00:00,13.877427101135254,13.877427101135254,16.211753845214844,11564504,15.598748207092285,13.846686363220215
2021-12-10 00:00:00,16.010364532470703,16.010364532470703,20.30205726623535,55708912,13.855758666992188,13.855758666992188
2021-12-11 00:00:00,16.00912094116211,16.00912094116211,18.670522689819336,34310371,15.999632835388184,15.518800735473633
2021-12-12 00:00:00,15.496247291564941,15.496247291564941,16.87556266784668,11566523,16.007169723510742,15.315582275390625
2021-12-13 00:00:00,13.939983367919922,13.939983367919922,15.605758666992188,14901511,15.532668113708496,13.541406631469727
2021-12-14 00:00:00,13.766552925109863,13.766552925109863,14.403249740600586,10996338,13.939995765686035,13.652281761169434
2021-12-15 00:00:00,14.564132690429688,14.564132690429688,14.771506309509277,7859948,14.254186630249023,13.54493236541748
2021-12-16 00:00:00,14.090173721313477,14.090173721313477,14.862807273864746,6630455,14.573641777038574,13.982871055603027
2021-12-17 00:00:00,15.647128105163574,15.647128105163574,16.137287139892578,20233517,14.092374801635742,13.696394920349121
2021-12-18 00:00:00,15.43412971496582,15.43412971496582,17.445070266723633,29543615,15.646896362304688,15.295853614807129
2021-12-19 00:00:00,14.86738395690918,14.86738395690918,15.750798225402832,8526979,15.42242431640625,14.84986686706543
2021-12-20 00:00:00,14.593585968017578,14.593585968017578,15.187899589538574,9017161,14.882063865661621,14.016552925109863
2021-12-21 00:00:00,15.325602531433105,15.325602531433105,15.536466598510742,7979766,14.594407081604004,14.3458833694458
2021-12-22 00:00:00,15.825277328491211,15.825277328491211,16.418458938598633,8283926,15.327436447143555,15.263532638549805
2021-12-23 00:00:00,16.85727310180664,16.85727310180664,17.134687423706055,11803131,15.824638366699219,15.237874984741211
2021-12-24 00:00:00,16.738611221313477,16.738611221313477,17.758289337158203,13172372,16.962196350097656,16.47275161743164
2021-12-25 00:00:00,16.920122146606445,16.920122146606445,17.375598907470703,7639992,16.729042053222656,16.473535537719727
2021-12-26 00:00:00,17.297517776489258,17.297517776489258,17.297517776489258,9216851,16.921836853027344,16.348573684692383
2021-12-27 00:00:00,17.595436096191406,17.595436096191406,19.435253143310547,15048265,17.36276626586914,17.060544967651367
2021-12-28 00:00:00,15.570548057556152,15.570548057556152,17.599878311157227,14984717,17.599878311157227,15.227116584777832
2021-12-29 00:00:00,14.881805419921875,14.881805419921875,15.889552116394043,7921157,15.568595886230469,14.761150360107422
2021-12-30 00:00:00,14.728551864624023,14.728551864624023,15.29327392578125,9943723,14.837175369262695,14.537435531616211
2021-12-31 00:00:00,14.458056449890137,14.458056449890137,15.1217041015625,8975014,14.729427337646484,14.177342414855957
2022-01-01 00:00:00,15.947932243347168,15.947932243347168,15.947932243347168,16240296,14.464186668395996,14.463592529296875
2022-01-02 00:00:00,15.429637908935547,15.429637908935547,16.380136489868164,12390220,15.904348373413086,15.314702033996582
2022-01-03 00:00:00,15.260724067687988,15.260724067687988,15.999150276184082,13375663,15.427716255187988,15.090909004211426
2022-01-04 00:00:00,15.292222023010254,15.292222023010254,16.008703231811523,14010159,15.263660430908203,15.031890869140625
2022-01-05 00:00:00,14.024629592895508,14.024629592895508,16.13189697265625,13663413,15.29295539855957,13.775025367736816
2022-01-06 00:00:00,13.394051551818848,13.394051551818848,14.186699867248535,13491411,14.024131774902344,13.112213134765625
2022-01-07 00:00:00,12.299676895141602,12.299676895141602,13.394759178161621,11903721,13.385904312133789,12.169634819030762
2022-01-08 00:00:00,12.297240257263184,12.297240257263184,12.758912086486816,10384930,12.307632446289062,11.730525970458984
2022-01-09 00:00:00,12.236024856567383,12.236024856567383,12.508606910705566,9194153,12.298447608947754,11.813359260559082
2022-01-10 00:00:00,11.844992637634277,11.844992637634277,12.43166732788086,9480529,12.235823631286621,11.147945404052734
2022-01-11 00:00:00,12.04741382598877,12.04741382598877,12.479802131652832,21104069,11.843396186828613,11.60254192352295
2022-01-12 00:00:00,12.698676109313965,12.698676109313965,12.851749420166016,8001086,12.045764923095703,12.045764923095703
2022-01-13 00:00:00,12.127742767333984,12.127742767333984,13.16736888885498,9409435,12.699590682983398,12.08427906036377
2022-01-14 00:00:00,12.524909019470215,12.524909019470215,12.931827545166016,13678413,12.127760887145996,11.849648475646973
2022-01-15 00:00:00,12.624580383300781,12.624580383300781,12.894384384155273,9875061,12.52476978302002,12.388558387756348
2022-01-16 00:00:00,14.446746826171875,14.446746826171875,14.738941192626953,31734033,12.620498657226562,12.488297462463379
2022-01-17 00:00:00,13.12226390838623,13.12226390838623,15.16162395477295,24919167,14.44384765625,12.885767936706543
2022-01-18 00:00:00,14.667825698852539,14.667825698852539,14.667825698852539,17752773,13.123245239257812,12.950959205627441
2022-01-19 00:00:00,15.91360092163086,15.91360092163086,16.46371841430664,45156459,14.64334487915039,13.72803020477295
2022-01-20 00:00:00,15.635214805603027,15.635214805603027,17.45629119873047,30447376,15.916415214538574,15.609956741333008
2022-01-21 00:00:00,12.20727825164795,12.20727825164795,15.945794105529785,31737028,15.651602745056152,12.154807090759277
2022-01-22 00:00:00,10.50059986114502,10.50059986114502,12.518206596374512,20238583,12.23807144165039,10.23634147644043
2022-01-23 00:00:00,10.752745628356934,10.752745628356934,11.076370239257812,10980830,10.499547958374023,10.10806655883789
2022-01-24 00:00:00,9.355113983154297,9.355113983154297,10.756182670593262,26200549,10.75499439239502,8.33046817779541
2022-01-25 00:00:00,9.421333312988281,9.421333312988281,9.504158020019531,15443211,9.35551929473877,8.850671768188477
2022-01-26 00:00:00,9.208189964294434,9.208189964294434,10.406917572021484,15157306,9.423973083496094,9.031515121459961
2022-01-27 00:00:00,9.04223346710205,9.04223346710205,9.373870849609375,10288449,9.200343132019043,8.735328674316406
2022-01-28 00:00:00,10.933735847473145,10.933735847473145,11.208840370178223,29092693,9.039623260498047,8.938506126403809
2022-01-29 00:00:00,10.873139381408691,10.873139381408691,11.227286338806152,15612148,10.933874130249023,10.531587600708008
2022-01-30 00:00:00,10.986675262451172,10.986675262451172,11.113518714904785,9664533,10.888895988464355,10.467873573303223
2022-01-31 00:00:00,11.369062423706055,11.369062423706055,11.37328052520752,12945565,10.988306045532227,10.178171157836914
2022-02-01 00:00:00,11.28631591796875,11.28631591796875,11.439513206481934,11485303,11.379915237426758,10.965216636657715
2022-02-02 00:00:00,10.186190605163574,10.186190605163574,11.385237693786621,11750052,11.285688400268555,10.170281410217285
2022-02-03 00:00:00,10.510992050170898,10.510992050170898,10.718002319335938,8157894,10.184295654296875,9.987366676330566
2022-02-04 00:00:00,11.399211883544922,11.399211883544922,11.417509078979492,8012891,10.515393257141113,10.373847961425781
2022-02-05 00:00:00,11.585844039916992,11.585844039916992,11.866865158081055,9758537,11.397767066955566,11.231928825378418
2022-02-06 00:00:00,11.679404258728027,11.679404258728027,11.692870140075684,7525109,11.583924293518066,11.146470069885254
2022-02-07 00:00:00,12.080161094665527,12.080161094665527,12.383606910705566,9260031,11.67962646484375,11.397706031799316
2022-02-08 00:00:00,11.893653869628906,11.893653869628906,12.505447387695312,9843370,12.081625938415527,11.417141914367676
2022-02-09 00:00:00,12.085083961486816,12.085083961486816,12.199917793273926,7373164,11.881002426147461,11.632412910461426
2022-02-10 00:00:00,11.35291576385498,11.35291576385498,12.125274658203125,9572762,12.083112716674805,11.339324951171875
2022-02-11 00:00:00,10.746506690979004,10.746506690979004,11.773653030395508,9614299,11.352527618408203,10.66589069366455
2022-02-12 00:00:00,11.214747428894043,11.214747428894043,11.301809310913086,7555818,10.751439094543457,10.537910461425781
2022-02-13 00:00:00,10.942974090576172,10.942974090576172,11.325360298156738,8024538,11.216102600097656,10.751523971557617
2022-02-14 00:00:00,10.863389015197754,10.863389015197754,11.113268852233887,5806110,10.915013313293457,10.626688957214355
2022-02-15 00:00:00,11.680822372436523,11.680822372436523,11.707706451416016,8065170,10.86068058013916,10.854704856872559
2022-02-16 00:00:00,11.207401275634766,11.207401275634766,11.688005447387695,8320282,11.684786796569824,10.95201587677002
2022-02-17 00:00:00,9.947249412536621,9.947249412536621,11.250535011291504,6794276,11.198156356811523,9.943709373474121
2022-02-18 00:00:00,9.580965042114258,9.580965042114258,10.182953834533691,7349194,9.954582214355469,9.578559875488281
2022-02-19 00:00:00,9.515037536621094,9.515037536621094,9.689596176147461,5149666,9.579264640808105,9.288107872009277
2022-02-20 00:00:00,8.798925399780273,8.798925399780273,9.51399040222168,6077449,9.51399040222168,8.694945335388184
2022-02-21 00:00:00,8.331512451171875,8.331512451171875,9.268816947937012,7760479,8.797677993774414,8.312358856201172
2022-02-22 00:00:00,8.808134078979492,8.808134078979492,8.920710563659668,11025651,8.331337928771973,8.13846206665039
2022-02-23 00:00:00,8.252626419067383,8.252626419067383,9.145978927612305,8531792,8.808095932006836,8.2153959274292
2022-02-24 00:00:00,7.732493877410889,7.732493877410889,8.245802879333496,12652056,8.24562931060791,6.946850776672363
2022-02-25 00:00:00,8.170684814453125,8.170684814453125,8.290757179260254,10988795,7.734969139099121,7.622867107391357
2022-02-26 00:00:00,8.161518096923828,8.161518096923828,8.4166259765625,5379831,8.17111873626709,8.019553184509277
2022-02-27 00:00:00,7.922214031219482,7.922214031219482,8.336283683776855,7066728,8.161331176757812,7.6568450927734375
2022-02-28 00:00:00,8.665478706359863,8.665478706359863,8.79871654510498,9162920,7.918630123138428,7.761620044708252
2022-03-01 00:00:00,9.157572746276855,9.157572746276855,9.336339950561523,12020386,8.665733337402344,8.638636589050293
2022-03-02 00:00:00,9.006672859191895,9.006672859191895,9.32992172241211,8071992,9.160150527954102,8.914397239685059
2022-03-03 00:00:00,8.582939147949219,8.582939147949219,9.118741035461426,7836278,9.006945610046387,8.329145431518555
2022-03-04 00:00:00,7.8126959800720215,7.8126959800720215,8.590470314025879,5281321,8.58672046661377,7.724110126495361
2022-03-05 00:00:00,7.812498092651367,7.812498092651367,7.962374210357666,7602657,7.817238807678223,7.630583763122559
2022-03-06 00:00:00,7.405490875244141,7.405490875244141,7.846749782562256,9869602,7.811532020568848,7.271933078765869
2022-03-07 00:00:00,7.369246959686279,7.369246959686279,7.746086120605469,7578548,7.406016826629639,7.07637882232666
2022-03-08 00:00:00,7.360918045043945,7.360918045043945,7.5620222091674805,5095966,7.368299961090088,7.3063459396362305
2022-03-09 00:00:00,7.808355808258057,7.808355808258057,8.083098411560059,7497201,7.360503196716309,7.360503196716309
2022-03-10 00:00:00,7.343294143676758,7.343294143676758,7.824388027191162,6019990,7.8068528175354,7.1466169357299805
2022-03-11 00:00:00,7.134593963623047,7.134593963623047,7.379313945770264,4978528,7.342377185821533,7.082555770874023
2022-03-12 00:00:00,7.103730201721191,7.103730201721191,7.224614143371582,3138423,7.134610176086426,7.0903849601745605
2022-03-13 00:00:00,6.814518928527832,6.814518928527832,7.178030967712402,4106705,7.104806900024414,6.7908220291137695
2022-03-14 00:00:00,7.150599956512451,7.150599956512451,7.159021854400635,4774335,6.813976764678955,6.772143840789795
2022-03-15 00:00:00,7.098274230957031,7.098274230957031,7.177998065948486,7254197,7.151250839233398,6.831785202026367
2022-03-16 00:00:00,7.3446431159973145,7.3446431159973145,7.403745174407959,6998174,7.098095893859863,6.993903160095215
2022-03-17 00:00:00,7.181890964508057,7.181890964508057,7.399139881134033,5758736,7.343588829040527,7.169149875640869
2022-03-18 00:00:00,7.57080602645874,7.57080602645874,7.572346210479736,6185039,7.180438041687012,7.043420791625977
2022-03-19 00:00:00,8.212615013122559,8.212615013122559,8.721482276916504,35299049,7.569532871246338,7.533846855163574
2022-03-20 00:00:00,7.743307113647461,7.743307113647461,8.212859153747559,12095755,8.212859153747559,7.693470001220703
2022-03-21 00:00:00,7.713078022003174,7.713078022003174,7.993668079376221,7117574,7.742341041564941,7.549993991851807
2022-03-22 00:00:00,8.026694297790527,8.026694297790527,8.138253211975098,8344682,7.713326930999756,7.696105003356934
2022-03-23 00:00:00,8.713305473327637,8.713305473327637,8.816824913024902,11552214,8.02682876586914,7.9903740882873535
2022-03-24 00:00:00,9.644037246704102,9.644037246704102,9.742231369018555,20607564,8.708334922790527,8.416834831237793
2022-03-25 00:00:00,10.270310401916504,10.270310401916504,11.819096565246582,71568177,9.64431381225586,9.542259216308594
2022-03-26 00:00:00,10.858428001403809,10.858428001403809,11.388664245605469,23483766,10.268836975097656,10.092604637145996
2022-03-27 00:00:00,12.575936317443848,12.575936317443848,12.801888465881348,40711946,10.856870651245117,10.845466613769531
2022-03-28 00:00:00,11.689682960510254,11.689682960510254,13.07193374633789,15927797,12.584355354309082,11.679231643676758
2022-03-29 00:00:00,11.271658897399902,11.271658897399902,11.974340438842773,15003845,11.67033576965332,11.049296379089355
2022-03-30 00:00:00,10.966362953186035,10.966362953186035,11.369566917419434,8835986,11.265674591064453,10.880341529846191
2022-03-31 00:00:00,10.365979194641113,10.365979194641113,11.32900333404541,9270639,10.968025207519531,10.198856353759766
2022-04-01 00:00:00,11.030895233154297,11.030895233154297,11.14538860321045,10015879,10.373961448669434,9.876194953918457
2022-04-02 00:00:00,11.29047966003418,11.29047966003418,11.485551834106445,12909041,11.032571792602539,10.732983589172363
2022-04-03 00:00:00,12.057422637939453,12.057422637939453,12.482236862182617,22150049,11.285405158996582,10.952423095703125
2022-04-04 00:00:00,11.620711326599121,11.620711326599121,12.163106918334961,17893619,12.05423355102539,11.1722412109375
2022-04-05 00:00:00,11.807722091674805,11.807722091674805,12.539615631103516,19036646,11.622307777404785,11.596878051757812
2022-04-06 00:00:00,9.919961929321289,9.919961929321289,11.859542846679688,16236007,11.807618141174316,9.919961929321289
2022-04-07 00:00:00,10.115973472595215,10.115973472595215,10.190962791442871,12395997,9.920620918273926,9.648686408996582
2022-04-08 00:00:00,9.094503402709961,9.094503402709961,10.283520698547363,11497465,10.114643096923828,9.063719749450684
2022-04-09 00:00:00,9.525741577148438,9.525741577148438,9.548337936401367,5083229,9.096495628356934,9.027249336242676
2022-04-10 00:00:00,10.11683464050293,10.11683464050293,11.158947944641113,28679661,9.52596664428711,9.323358535766602
2022-04-11 00:00:00,8.669750213623047,8.669750213623047,10.311816215515137,13723705,10.118087768554688,8.599453926086426
2022-04-12 00:00:00,9.063982009887695,9.063982009887695,9.305335998535156,9267796,8.670853614807129,8.670853614807129
2022-04-13 00:00:00,8.956985473632812,8.956985473632812,9.220561981201172,7708131,9.057371139526367,8.769797325134277
2022-04-14 00:00:00,9.239733695983887,9.239733695983887,9.497291564941406,11082556,8.942667961120605,8.93165397644043
2022-04-15 00:00:00,9.112165451049805,9.112165451049805,9.3253812789917,7414660,9.273184776306152,9.039037704467773
2022-04-16 00:00:00,8.996932983398438,8.996932983398438,9.196294784545898,4570458,9.111148834228516,8.882918357849121
2022-04-17 00:00:00,8.688216209411621,8.688216209411621,9.010924339294434,3548821,8.99468994140625,8.683867454528809
2022-04-18 00:00:00,9.00805377960205,9.00805377960205,9.038154602050781,4619771,8.68914794921875,8.326851844787598
2022-04-19 00:00:00,9.254426002502441,9.254426002502441,9.325057983398438,4652339,9.007887840270996,8.89171028137207
2022-04-20 00:00:00,9.096899032592773,9.096899032592773,9.540629386901855,7551486,9.254169464111328,8.97455883026123
2022-04-21 00:00:00,8.863454818725586,8.863454818725586,9.257182121276855,6184217,9.09354305267334,8.604472160339355
2022-04-22 00:00:00,8.651593208312988,8.651593208312988,8.936296463012695,5431295,8.86253833770752,8.506263732910156
2022-04-23 00:00:00,8.72525405883789,8.72525405883789,9.140425682067871,6367307,8.650596618652344,8.50052261352539
2022-04-24 00:00:00,8.544556617736816,8.544556617736816,8.95797061920166,6106484,8.725467681884766,8.509940147399902
2022-04-25 00:00:00,9.180495262145996,9.180495262145996,9.687926292419434,58210668,8.545140266418457,8.123838424682617
2022-04-26 00:00:00,8.441000938415527,8.441000938415527,9.68773078918457,13802876,9.180238723754883,8.4079008102417
2022-04-27 00:00:00,8.680032730102539,8.680032730102539,8.879008293151855,6052725,8.444769859313965,8.368440628051758
2022-04-28 00:00:00,8.571271896362305,8.571271896362305,8.854294776916504,6676670,8.683489799499512,8.457945823669434
2022-04-29 00:00:00,7.9440741539001465,7.9440741539001465,8.599848747253418,11781704,8.568973541259766,7.88753604888916
2022-04-30 00:00:00,7.42519998550415,7.42519998550415,8.183487892150879,5878445,7.946125030517578,7.354729175567627
2022-05-01 00:00:00,7.740161895751953,7.740161895751953,7.786810874938965,4652190,7.4272780418396,7.299147129058838
2022-05-02 00:00:00,7.730655193328857,7.730655193328857,7.888868808746338,4637883,7.737598896026611,7.495632171630859
2022-05-03 00:00:00,7.719930171966553,7.719930171966553,7.909346103668213,5135673,7.728724956512451,7.66456413269043
2022-05-04 00:00:00,8.296565055847168,8.296565055847168,8.326945304870605,6943896,7.721188068389893,7.708183765411377
2022-05-05 00:00:00,7.324244976043701,7.324244976043701,8.326410293579102,6731130,8.296358108520508,7.200924873352051
2022-05-06 00:00:00,7.316586017608643,7.316586017608643,7.362483978271484,6018676,7.324053764343262,6.997134208679199
2022-05-07 00:00:00,6.960169792175293,6.960169792175293,7.328390121459961,4618597,7.316242218017578,6.802097797393799
2022-05-08 00:00:00,6.696467876434326,6.696467876434326,6.965793132781982,4907108,6.959112167358398,6.620512962341309
2022-05-09 00:00:00,5.665462017059326,5.665462017059326,6.80790901184082,8998974,6.709683895111084,5.665462017059326
2022-05-10 00:00:00,6.117516040802002,6.117516040802002,6.486559867858887,13789435,5.628471851348877,5.427103042602539
2022-05-11 00:00:00,4.976339817047119,4.976339817047119,6.2512288093566895,12851236,6.114346981048584,4.727899074554443
2022-05-12 00:00:00,4.1050639152526855,4.1050639152526855,5.208792209625244,11327461,4.976457118988037,3.8962910175323486
2022-05-13 00:00:00,4.278266906738281,4.278266906738281,4.763297080993652,11311008,4.105411052703857,4.096012115478516
2022-05-14 00:00:00,4.580208778381348,4.580208778381348,4.593544006347656,4805128,4.280620098114014,4.157859802246094
2022-05-15 00:00:00,4.92433500289917,4.92433500289917,5.733805179595947,11614793,4.578550815582275,4.393788814544678
2022-05-16 00:00:00,5.038257122039795,5.038257122039795,5.0953240394592285,8894792,4.92503023147583,4.458195209503174
2022-05-17 00:00:00,5.29495096206665,5.29495096206665,5.48029899597168,6389942,5.0391740798950195,5.0391740798950195
2022-05-18 00:00:00,5.009740829467773,5.009740829467773,5.313496112823486,6098593,5.295956134796143,4.736614227294922
2022-05-19 00:00:00,5.635271072387695,5.635271072387695,5.859243869781494,9072395,5.01023006439209,5.00993013381958
2022-05-20 00:00:00,5.5096940994262695,5.5096940994262695,5.774258136749268,4932209,5.635171890258789,5.40465784072876
2022-05-21 00:00:00,5.77054500579834,5.77054500579834,5.821463108062744,4490088,5.499351978302002,5.373971939086914
2022-05-22 00:00:00,5.976099967956543,5.976099967956543,6.016430854797363,5996757,5.771158218383789,5.680904865264893
2022-05-23 00:00:00,5.65406608581543,5.65406608581543,6.03725004196167,4177343,5.9722900390625,5.633800983428955
2022-05-24 00:00:00,5.998132228851318,5.998132228851318,6.016736030578613,4475813,5.655911922454834,5.645907878875732
2022-05-25 00:00:00,5.978647232055664,5.978647232055664,6.523128032684326,8755354,5.998672962188721,5.916380882263184
2022-05-26 00:00:00,5.850367069244385,5.850367069244385,6.035831928253174,5441618,5.97906494140625,5.563621997833252
2022-05-27 00:00:00,5.543913841247559,5.543913841247559,5.999442100524902,6018821,5.846105098724365,5.509062767028809
2022-05-28 00:00:00,5.792957782745361,5.792957782745361,5.857477188110352,4424167,5.714571952819824,5.525900840759277
2022-05-29 00:00:00,5.784088134765625,5.784088134765625,5.873230934143066,4729062,5.792811870574951,5.709979057312012
2022-05-30 00:00:00,6.280195236206055,6.280195236206055,6.350518226623535,4657163,5.785223007202148,5.7505998611450195
2022-05-31 00:00:00,6.0921502113342285,6.0921502113342285,6.30964994430542,4045772,6.278680801391602,5.98866605758667
2022-06-01 00:00:00,5.738327980041504,5.738327980041504,6.118955135345459,4018279,6.091018199920654,5.736856937408447
2022-06-02 00:00:00,5.968976974487305,5.968976974487305,5.976298809051514,3529855,5.739940166473389,5.693414211273193
2022-06-03 00:00:00,5.77332878112793,5.77332878112793,5.997109889984131,3465440,5.969054222106934,5.745316028594971
2022-06-04 00:00:00,5.857975006103516,5.857975006103516,5.86314582824707,3010876,5.77486515045166,5.713992118835449
2022-06-05 00:00:00,5.7699971199035645,5.7699971199035645,5.860647201538086,2951216,5.85793399810791,5.715817928314209
2022-06-06 00:00:00,5.960418224334717,5.960418224334717,6.07926082611084,3736372,5.771882057189941,5.767780780792236
2022-06-07 00:00:00,5.821537971496582,5.821537971496582,5.960424900054932,4625102,5.960424900054932,5.546195983886719
2022-06-08 00:00:00,5.518133163452148,5.518133163452148,5.843112945556641,4325936,5.8170390129089355,5.5178141593933105
2022-06-09 00:00:00,5.0521039962768555,5.0521039962768555,5.5245361328125,5771161,5.521261215209961,5.0295610427856445
2022-06-10 00:00:00,4.6366472244262695,4.6366472244262695,5.075898170471191,5299185,5.050923824310303,4.605227947235107
2022-06-11 00:00:00,4.38930082321167,4.38930082321167,4.7539381980896,4132185,4.637285232543945,4.38210916519165
2022-06-12 00:00:00,4.155281066894531,4.155281066894531,4.477373123168945,4058492,4.3900909423828125,4.155281066894531
2022-06-13 00:00:00,3.4093968868255615,3.4093968868255615,4.157161235809326,6444368,4.149726867675781,3.3263449668884277
2022-06-14 00:00:00,3.4362781047821045,3.4362781047821045,3.5103039741516113,5052859,3.4107279777526855,3.1437549591064453
2022-06-15 00:00:00,3.479991912841797,3.479991912841797,3.4834399223327637,7331109,3.436383008956909,2.9979770183563232
2022-06-16 00:00:00,3.1276659965515137,3.1276659965515137,3.5192348957061768,4953965,3.4816648960113525,3.0853400230407715
2022-06-17 00:00:00,3.15208101272583,3.15208101272583,3.2635350227355957,4721393,3.1309750080108643,3.088956117630005
2022-06-18 00:00:00,2.8912429809570312,2.8912429809570312,3.1874170303344727,4749081,3.149678945541382,2.6265010833740234
2022-06-19 00:00:00,3.0695340633392334,3.0695340633392334,3.0829660892486572,3875515,2.8914570808410645,2.764019012451172
2022-06-20 00:00:00,3.2756359577178955,3.2756359577178955,4.052722930908203,22025491,3.0695960521698,2.917654037475586
2022-06-21 00:00:00,3.3895890712738037,3.3895890712738037,3.6721839904785156,10766269,3.275135040283203,3.2164878845214844
2022-06-22 00:00:00,3.064589023590088,3.064589023590088,3.4453580379486084,6769064,3.3884339332580566,3.042263984680176
2022-06-23 00:00:00,3.1990270614624023,3.1990270614624023,3.2217040061950684,4882086,3.0627269744873047,3.04632306098938
2022-06-24 00:00:00,3.3529460430145264,3.3529460430145264,3.438615083694458,6361339,3.1999099254608154,3.1981000900268555
2022-06-25 00:00:00,3.4461541175842285,3.4461541175842285,3.492569923400879,6262607,3.3510708808898926,3.254312038421631
2022-06-26 00:00:00,3.245073080062866,3.245073080062866,3.481065034866333,4314739,3.4435861110687256,3.24436092376709
2022-06-27 00:00:00,3.1960361003875732,3.1960361003875732,3.3674540519714355,3377783,3.244067907333374,3.160707950592041
2022-06-28 00:00:00,3.10048508644104,3.10048508644104,3.4056708812713623,4942432,3.19635009765625,3.0895509719848633
2022-06-29 00:00:00,3.0466370582580566,3.0466370582580566,3.1742749214172363,4748612,3.0997331142425537,3.0366430282592773
2022-06-30 00:00:00,3.033139944076538,3.033139944076538,3.0802340507507324,4495316,3.046091079711914,2.8588650226593018
2022-07-01 00:00:00,3.0327999591827393,3.0327999591827393,3.269826889038086,7876276,3.0385990142822266,3.0126190185546875
2022-07-02 00:00:00,3.0915019512176514,3.0915019512176514,3.147188901901245,5025832,3.035780906677246,2.9895451068878174
2022-07-03 00:00:00,3.0207700729370117,3.0207700729370117,3.0949459075927734,4604326,3.0909430980682373,2.9636878967285156
2022-07-04 00:00:00,3.190757989883423,3.190757989883423,3.1913399696350098,4352272,3.0207018852233887,2.962557077407837
2022-07-05 00:00:00,3.189758062362671,3.189758062362671,3.3270750045776367,5576475,3.1901800632476807,2.9912428855895996
2022-07-06 00:00:00,3.196429967880249,3.196429967880249,3.2064359188079834,4139244,3.1889710426330566,3.116523027420044
2022-07-07 00:00:00,3.4047789573669434,3.4047789573669434,3.4290549755096436,5382584,3.1925690174102783,3.1679320335388184
2022-07-08 00:00:00,3.3273770809173584,3.3273770809173584,3.6277310848236084,9636782,3.404210090637207,3.2916018962860107
2022-07-09 00:00:00,3.415091037750244,3.415091037750244,3.4513509273529053,4328116,3.3197970390319824,3.3126959800720215
2022-07-10 00:00:00,3.2435190677642822,3.2435190677642822,3.4440040588378906,4347364,3.4153170585632324,3.2193078994750977
2022-07-11 00:00:00,3.133944034576416,3.133944034576416,3.3755719661712646,5134678,3.243088960647583,3.1291470527648926
2022-07-12 00:00:00,3.0282180309295654,3.0282180309295654,3.1645679473876953,3616288,3.1335859298706055,3.0275380611419678
2022-07-13 00:00:00,3.3354129791259766,3.3354129791259766,3.382159948348999,16750513,3.025355100631714,2.9376320838928223
2022-07-14 00:00:00,3.5680038928985596,3.5680038928985596,3.586754083633423,10087822,3.3357179164886475,3.283687114715576
2022-07-15 00:00:00,3.3689639568328857,3.3689639568328857,3.567850112915039,5548591,3.567850112915039,3.342298984527588
2022-07-16 00:00:00,4.011963844299316,4.011963844299316,4.3502020835876465,29539960,3.367784023284912,3.2922449111938477
2022-07-17 00:00:00,3.804305076599121,3.804305076599121,4.170497894287109,24296458,4.012355804443359,3.7712550163269043
2022-07-18 00:00:00,3.889045000076294,3.889045000076294,4.01060676574707,10318215,3.8033130168914795,3.6652650833129883
2022-07-19 00:00:00,4.250971794128418,4.250971794128418,4.3372368812561035,12216109,3.886535882949829,3.735429048538208
2022-07-20 00:00:00,3.957803964614868,3.957803964614868,4.669635772705078,18100355,4.251536846160889,3.9207069873809814
2022-07-21 00:00:00,3.921731948852539,3.921731948852539,4.023320198059082,5797689,3.9581429958343506,3.8427960872650146
2022-07-22 00:00:00,3.7685298919677734,3.7685298919677734,4.038595199584961,5293721,3.9220900535583496,3.7205209732055664
2022-07-23 00:00:00,3.72609806060791,3.72609806060791,3.850339889526367,4729480,3.768479108810425,3.6104719638824463
2022-07-24 00:00:00,3.777451992034912,3.777451992034912,3.903251886367798,5990140,3.725554943084717,3.6956100463867188
2022-07-25 00:00:00,3.7767159938812256,3.7767159938812256,3.9527180194854736,13103974,3.777348041534424,3.547382116317749
2022-07-26 00:00:00,4.103766918182373,4.103766918182373,4.122570991516113,22515630,3.775986909866333,3.6738550662994385
2022-07-27 00:00:00,4.290016174316406,4.290016174316406,4.2977118492126465,18916011,4.103744029998779,3.9659650325775146
2022-07-28 00:00:00,4.384427070617676,4.384427070617676,4.6929121017456055,16598047,4.291010856628418,4.0740790367126465
2022-07-29 00:00:00,5.203372001647949,5.203372001647949,6.689988136291504,102363988,4.384545803070068,4.346540927886963
2022-07-30 00:00:00,4.669469833374023,4.669469833374023,5.295487880706787,23415928,5.1828999519348145,4.669469833374023
2022-07-31 00:00:00,4.523408889770508,4.523408889770508,4.790247917175293,9851202,4.666607856750488,4.504878997802734
2022-08-01 00:00:00,4.728722095489502,4.728722095489502,4.801888942718506,17792894,4.522902965545654,4.364203929901123
2022-08-02 00:00:00,4.7493510246276855,4.7493510246276855,5.442245006561279,42071080,4.7260260581970215,4.6672139167785645
2022-08-03 00:00:00,4.647668838500977,4.647668838500977,4.93782377243042,8506717,4.7497029304504395,4.634057998657227
2022-08-04 00:00:00,4.590794086456299,4.590794086456299,4.772445201873779,7441557,4.645925998687744,4.494874954223633
2022-08-05 00:00:00,4.756360054016113,4.756360054016113,4.840423107147217,7466053,4.590692043304443,4.590692043304443
2022-08-06 00:00:00,4.717841148376465,4.717841148376465,5.384949207305908,15809541,4.757005214691162,4.717841148376465
2022-08-07 00:00:00,4.81630277633667,4.81630277633667,4.855538845062256,5293757,4.718612194061279,4.665616989135742
2022-08-08 00:00:00,4.8576130867004395,4.8576130867004395,5.120212078094482,11203450,4.824231147766113,4.824231147766113
2022-08-09 00:00:00,5.00333309173584,5.00333309173584,5.295718193054199,22832212,4.85761022567749,4.773989200592041
2022-08-10 00:00:00,5.200584888458252,5.200584888458252,5.390247821807861,31169638,5.003472805023193,4.866666793823242
2022-08-11 00:00:00,4.963473796844482,4.963473796844482,5.25714111328125,11013366,5.195519924163818,4.931467056274414
2022-08-12 00:00:00,4.840074062347412,4.840074062347412,4.986897945404053,9635479,4.9639410972595215,4.792377948760986
2022-08-13 00:00:00,4.862090110778809,4.862090110778809,4.958743095397949,10580164,4.839140892028809,4.784290790557861
2022-08-14 00:00:00,4.627933025360107,4.627933025360107,4.903738021850586,8915462,4.860002040863037,4.5561628341674805
2022-08-15 00:00:00,4.522592067718506,4.522592067718506,4.736223220825195,7270791,4.626665115356445,4.454586982727051
2022-08-16 00:00:00,4.454840183258057,4.454840183258057,4.56915807723999,8896704,4.5189900398254395,4.334435939788818
2022-08-17 00:00:00,4.191740989685059,4.191740989685059,4.623473167419434,7862768,4.45426607131958,4.162024021148682
2022-08-18 00:00:00,4.040164947509766,4.040164947509766,4.288597106933594,6130955,4.192323207855225,4.039772033691406
2022-08-19 00:00:00,3.696773052215576,3.696773052215576,4.052080154418945,9274895,4.040566921234131,3.642482042312622
2022-08-20 00:00:00,3.7175679206848145,3.7175679206848145,4.022597789764404,12381177,3.697587013244629,3.659048080444336
2022-08-21 00:00:00,3.923798084259033,3.923798084259033,4.056793212890625,8849223,3.716655969619751,3.6859610080718994
2022-08-22 00:00:00,3.8640599250793457,3.8640599250793457,3.924868106842041,6619441,3.9237220287323,3.639389991760254
2022-08-23 00:00:00,3.8745551109313965,3.8745551109313965,3.967658042907715,6110766,3.865246057510376,3.703294038772583
2022-08-24 00:00:00,4.133918762207031,4.133918762207031,4.257471084594727,18228148,3.874177932739258,3.753917932510376
2022-08-25 00:00:00,4.159653186798096,4.159653186798096,4.495127201080322,16761326,4.134261131286621,4.13364315032959
2022-08-26 00:00:00,3.7536349296569824,3.7536349296569824,4.18272590637207,9735911,4.159316062927246,3.726771116256714
2022-08-27 00:00:00,3.789328098297119,3.789328098297119,3.861387014389038,6912723,3.7602639198303223,3.6636199951171875
2022-08-28 00:00:00,3.630964994430542,3.630964994430542,3.8248109817504883,4400212,3.786834955215454,3.630964994430542
2022-08-29 00:00:00,3.906450033187866,3.906450033187866,3.9114649295806885,7172839,3.630661964416504,3.614119052886963
2022-08-30 00:00:00,3.692039966583252,3.692039966583252,3.954862117767334,6235938,3.9067270755767822,3.625178098678589
2022-08-31 00:00:00,3.7896950244903564,3.7896950244903564,3.881666898727417,5365850,3.6915359497070312,3.6888740062713623
2022-09-01 00:00:00,3.957559108734131,3.957559108734131,4.055220127105713,9748700,3.789681911468506,3.7310709953308105
2022-09-02 00:00:00,3.993367910385132,3.993367910385132,4.064854145050049,8184145,3.9576709270477295,3.8711729049682617
2022-09-03 00:00:00,3.860076904296875,3.860076904296875,4.039218902587891,5074473,3.9926021099090576,3.832803964614868
2022-09-04 00:00:00,4.229403972625732,4.229403972625732,4.359650135040283,18204984,3.859921932220459,3.801111936569214
2022-09-05 00:00:00,4.290613174438477,4.290613174438477,4.531179904937744,15750759,4.23236083984375,4.184815883636475
2022-09-06 00:00:00,4.024816036224365,4.024816036224365,4.4791998863220215,8620650,4.291786193847656,4.024712085723877
2022-09-07 00:00:00,4.174999237060547,4.174999237060547,4.236559867858887,4993212,4.023510932922363,3.948770046234131
2022-09-08 00:00:00,4.223269939422607,4.223269939422607,4.267879962921143,5610541,4.17494010925293,4.115148067474365
2022-09-09 00:00:00,4.687398910522461,4.687398910522461,4.694969177246094,8890448,4.2225470542907715,4.218231201171875
2022-09-10 00:00:00,4.868380069732666,4.868380069732666,4.934726238250732,9059561,4.68714714050293,4.632808208465576
2022-09-11 00:00:00,4.733161926269531,4.733161926269531,4.898744106292725,6167615,4.86821985244751,4.638322830200195
2022-09-12 00:00:00,4.6966400146484375,4.6966400146484375,4.838898181915283,5306996,4.733273983001709,4.643453121185303
2022-09-13 00:00:00,4.206731796264648,4.206731796264648,4.702885150909424,6278872,4.695368766784668,4.168945789337158
2022-09-14 00:00:00,4.256805896759033,4.256805896759033,4.347412109375,7997207,4.182178020477295,4.137053966522217
2022-09-15 00:00:00,4.075005054473877,4.075005054473877,4.258624076843262,4829333,4.257927894592285,4.05045223236084
2022-09-16 00:00:00,4.042422771453857,4.042422771453857,4.109257221221924,4908975,4.07672119140625,3.965643882751465
2022-09-17 00:00:00,4.199282169342041,4.199282169342041,4.244741916656494,5197144,4.043212890625,4.043212890625
2022-09-18 00:00:00,3.9836440086364746,3.9836440086364746,4.329806804656982,7892678,4.199831962585449,3.9748430252075195
2022-09-19 00:00:00,3.9924399852752686,3.9924399852752686,4.024501800537109,5346986,3.982611894607544,3.8077850341796875
2022-09-20 00:00:00,3.8404159545898438,3.8404159545898438,4.034773826599121,4864034,3.9915928840637207,3.8363680839538574
2022-09-21 00:00:00,3.624495029449463,3.624495029449463,3.966881036758423,7282421,3.840670108795166,3.5872340202331543
2022-09-22 00:00:00,3.777340888977051,3.777340888977051,3.8305840492248535,5236368,3.622864007949829,3.6104660034179688
2022-09-23 00:00:00,3.7534101009368896,3.7534101009368896,3.7875618934631348,6809631,3.7780489921569824,3.5058939456939697
2022-09-24 00:00:00,3.5417869091033936,3.5417869091033936,3.751262903213501,3728406,3.751262903213501,3.521646022796631
2022-09-25 00:00:00,3.4743969440460205,3.4743969440460205,3.623322010040283,3209986,3.542701005935669,3.452177047729492
2022-09-26 00:00:00,3.5878379344940186,3.5878379344940186,3.5894510746002197,4441821,3.4727940559387207,3.4078569412231445
2022-09-27 00:00:00,3.4781041145324707,3.4781041145324707,3.743190050125122,5213494,3.5862369537353516,3.4318130016326904
2022-09-28 08:58:00,3.3970930576324463,3.3970930576324463,3.4828574657440186,4104136,3.4786155223846436,3.3498497009277344
